id,title,author,subject,year_of_publication,edition,ISBN,publisher,seller,price_foreign_currency,price_indian_currency,link,medium
,PROGRAMMING IN VISUAL BASIC 2010 EXP,BRADLEY,CSE,2013,1,9789351348689,McGraw Hill,7,,23976,,electronic
,EXPLORING PYTHON EXP,BUDD,CSE,2013,1,9789351346616,McGraw Hill,7,,23976,,electronic
,MICROSOFT OFFICE WORD 2010  MANUAL  EXP,OBER,CSE,2013,11,9789351348375,McGraw Hill,7,,23976,,electronic
,MICROSOF OFFIC ACCES 2010 A CASE APP EXP,O'LEARY,CSE,2013,1,9789351349594,McGraw Hill,7,,23976,,electronic
,O'LEARY SERIES MICROSOFT WINDOWS 7 EXP,O'LEARY,CSE,2013,7,9789351349624,McGraw Hill,7,,23976,,electronic
,MICROSOFT OFFI POWERPOI 2010 A CASE EXP,O'LEARY,CSE,2013,1,9789351349587,McGraw Hill,7,,23976,,electronic
,MICROSOFT OFFICE 2010 A CASE APPROAC EXP,O'LEARY,CSE,2013,1,9789351349617,McGraw Hill,7,,23976,,electronic
,MICROSOFT OFFIC WORD 2010  CASE APPR EXP,O'LEARY,CSE,2013,1,9789351349600,McGraw Hill,7,,23976,,electronic
,MICROSOFT ACCESS 2010 A CASE APPROAC EXP,O'LEARY,CSE,2013,1,9789351349648,McGraw Hill,7,,23976,,electronic
,MICROSOFT EXCEL 2010 A CASE APPROAC EXP,O'LEARY,CSE,2013,1,9789351349631,McGraw Hill,7,,23976,,electronic
,FUNDAMENTALS OF DIGITAL AND COMPUTER EXP,SANDIGE,CSE,2013,1,9789351349884,McGraw Hill,7,,23976,,electronic
,INTRODUCTION T9 OBJ ORIE PROG JAVA EXP,WU,CSE,2013,5,9789351345947,McGraw Hill,7,,23976,,electronic
,EBOOK C++ PROGRAMMING: AN OBJECT-ORIENTED APPROACH,FOROUZAN,CSE,2019,9,9781260569247,McGraw Hill,7,,23976,,electronic
,EBOOK COMPUTING ESSENTIALS 2019,O'LEARY,CSE,2018,5,9781260289794,McGraw Hill,7,,23976,,electronic
,EBOOK SOFTWARE ENGINEERING: A PRACTITIONER'S APPROACH,PRESSMAN,CSE,2019,9,9781260569650,McGraw Hill,7,,23976,,electronic
,EBOOK INTRO TO COMPUTING SYS: FROM BITS & GATES TO C & BEYON,PATT,CSE,2019,3,9781260569667,McGraw Hill,7,,23976,,electronic
,EBOOK BUSINESS DRIVEN INFORMATION SYSTEMS,BALTZAN,CSE,2018,6,9781260290219,McGraw Hill,7,,23976,,electronic
,GRID COMPUTING   EXP,JANAKIRAM D,CSE,2005,1,9780071336772,McGraw Hill,7,,15642,,electronic
,CLOUD COMPUTING A PRACTITIONER GUIDE-EB,DOSS,CSE,2013,1,9789351340218,McGraw Hill,7,,10782,,electronic
,iPGDCon 2016 EB,UKE,CSE,2016,1,9789352604333,McGraw Hill,7,,19800,,electronic
,ICRTET 2016 Volume 1 EB,Yuvaraj,CSE,2016,1,9789352604302,McGraw Hill,7,,19710,,electronic
,ICRTET 2016 Volume 2 EB,Yuvaraj,CSE,2016,1,9789352604319,McGraw Hill,7,,18270,,electronic
,Int. Conference on Computer and Electronics Engg.,MOHAMMAD ABDUL,CSE,2016,1,9789352604258,McGraw Hill,7,,34560,,electronic
,COMPUTER ORG & ARCH - WBUT EB,GHOSH,CSE,2012,1,9781259081088,McGraw Hill,7,,4410,,electronic
,COMP ORG & ARCHITEC WBUT EXP,GHOSH & PAL,CSE,2008,1,9789339215033,McGraw Hill,7,,4410,,electronic
,C PROG & DATA STR.-JNTU 4E EB,BALAGURUSAMY,CSE,2008,4,9781259081132,McGraw Hill,7,,4230,,electronic
,MICROCONTROLLER EB,UDAYSHANKAR,CSE,2009,1,9781259081194,McGraw Hill,7,,13410,,electronic
,SOFTWARE TESTING EB,LIMAYE,CSE,2009,1,9781259081316,McGraw Hill,7,,16920,,electronic
,FUND OF COMPUTERS EB,BALAGURUSAMY,CSE,2009,1,9781259081385,McGraw Hill,7,,9000,,electronic
,MOBILE COMPUTING   EXP,"TALUKDER, ASHOK",CSE,2010,2,9780071337519,McGraw Hill,7,,14220,,electronic
,PRIN OF COMPILER DESIGN EB,RAGHAVAN,CSE,2009,1,9781259081408,McGraw Hill,7,,17550,,electronic
,TEST YOUR SKILLS IN C 2E EB,SELVI,CSE,2009,2,9781259081507,McGraw Hill,7,,16920,,electronic
,COMPUTER ARCHITECTURE    EXP,"GOVINDRAJALU, B",CSE,2010,2,9780071336710,McGraw Hill,7,,15750,,electronic
,DIGITAL ELECTRONICS EB,MANDAL,CSE,2009,1,9781259081859,McGraw Hill,7,,14040,,electronic
,NANOCOMPUTING   EXP,"SAHNI, VISHAL",CSE,2008,1,9780071337366,McGraw Hill,7,,15840,,electronic
,EMBEDDED REAL TIME SYSTEMS   EXP,SRIRAM IYER,CSE,2003,1,9780071323185,McGraw Hill,7,,11430,,electronic
,Managing Glob Softwar Proj-EXP,"RAMESH, GOPALASWAMY",CSE,2005,1,9789351340508,McGraw Hill,7,,13500,,electronic
,DISCRETE MATHEMATICS - INFI,VEERARAJAN,CSE,2006,1,9780071336406,McGraw Hill,7,,11250,,electronic
,ORACLE APPS DBA  EXP,"BANERJEE, JOYJEET",CSE,2007,1,9780071336567,McGraw Hill,7,,12582,,electronic
,Unix Concepts and Applications EB,"DAS, SUMITABHA",CSE,0,4,9789390219414,McGraw Hill,7,,14382,,electronic
,2.5G MOBILE NETWORKS  EXP,KASERA,CSE,2008,1,9780071336871,McGraw Hill,7,,8910,,electronic
,DATA STRUCTURES EB,PAI,CSE,2008,1,9781259083044,McGraw Hill,7,,13410,,electronic
,1000 PROBS IN DS EB,SUDIPTA MUKHERJEE,CSE,2008,1,9781259083112,McGraw Hill,7,,7380,,electronic
,INTRO TO COMP-WBUT EB,BALAGURUSAMY,CSE,2007,1,9781259083143,McGraw Hill,7,,4050,,electronic
,MULTIMEDIA TECHNOLOGIES EB,BANERJI,CSE,0,1,9781259083310,McGraw Hill,7,,11700,,electronic
,PROGRAMMING WITH C++ EB,RAVICHANDRAN,CSE,2010,3,9781259083556,McGraw Hill,7,,14040,,electronic
,WIRELES MOB NETWORK SECURI EB,VENKATARAM,CSE,2010,1,9781259083792,McGraw Hill,7,,12150,,electronic
,OPERATING SYSTEM 3E EB,GODBOLE,CSE,2010,3,9781259083990,McGraw Hill,7,,15570,,electronic
,DATA COMMUNICATIONS AND NETWORKS EXP,GODBOLE,CSE,2011,2,9789339215231,McGraw Hill,7,,16110,,electronic
,FUND OF COMP/PROG-AU (EB),BALAGURUSAMY,CSE,2011,2,9781259084751,McGraw Hill,7,,8100,,electronic
,Microproc & Microcntrol EB,SK Mandal,CSE,2014,1,9781259050183,McGraw Hill,7,,13410,,electronic
,BASIC COMP ENG - RGPV 2011 EB,BALAGURUSAMY,CSE,2011,2,9781259050206,McGraw Hill,7,,5580,,electronic
,COMP.CONCPT&PROG IN C-UPTU11EB,BALAGURUSAMY,CSE,2011,3,9781259050251,McGraw Hill,7,,6750,,electronic
,QUICK TEST PROFESSIONAL-EB,SANKAR,CSE,2013,2,9781259058677,McGraw Hill,7,,11340,,electronic
,PROGRAMMING IN ANSI C (EB),BALAGURUSAMY,CSE,2012,6,9781259051005,McGraw Hill,7,,7182,,electronic
,A PRACTICAL GUIDE TO TEST AUTOMATION USI,GARG,CSE,2012,1,9789339212841,McGraw Hill,7,,9360,,electronic
,CRACKING THE QTP INTERVIEW EB,REDDY,CSE,2012,1,9789339214012,McGraw Hill,7,,8082,,electronic
,"CRACKING C,C++ AND JAVA INTERVIEW-EB",GANESH,CSE,2013,2,9789383286638,McGraw Hill,7,,10080,,electronic
,CRACKING IT CAMPUS INTERVIEWS,JAIN,CSE,2012,1,9789339213992,McGraw Hill,7,,8370,,electronic
,CRACKING THE IT INTERVIEWEXP,BALASUBRAMANIAMM,CSE,2012,2,9789339212803,McGraw Hill,7,,9540,,electronic
,ADV MICROPRO & PERIPHER EB,BHURCHANDI,CSE,2012,3,9781259051265,McGraw Hill,7,,14850,,electronic
,NEURAL NETWORKS EB,KUMAR,CSE,2012,2,9781259051272,McGraw Hill,7,,15390,,electronic
,OOPS USING C++ AND JAVA EB,BALAGURUSAMY,CSE,2012,1,9781259051371,McGraw Hill,7,,10710,,electronic
,Object Orien Analy & Des EB,D Jeya Mala & S Geetha,CSE,2013,1,9789332900950,McGraw Hill,7,,7740,,electronic
,PROGRAMMING IN SAP APO-EB,AGRAWAL,CSE,2013,1,9781259058615,McGraw Hill,7,,17280,,electronic
,DEMYSTIFYING COMP EB,GODBOLE,CSE,2012,1,9781259051494,McGraw Hill,7,,10710,,electronic
,Data Structures Using C EB,"Balagurusamy, E",CSE,2013,1,9789332900936,McGraw Hill,7,,9540,,electronic
,COMP COURS WIN7&OFFICE2010 EB,"TAXALI, RAVIKANT",CSE,2014,1,9789332901247,McGraw Hill,7,,12870,,electronic
,Crypto and Network Security EB,"Kahate, Atul",CSE,2013,3,9789332900929,McGraw Hill,7,,10980,,electronic
,MASTERING C++ - EB,"VENUGOPAL, K. R.",CSE,2013,2,9789383286775,McGraw Hill,7,,14040,,electronic
,Mastering Cloud Computing EB,"Buyya, Rajkumar",CSE,2008,1,9789332900943,McGraw Hill,7,,13500,,electronic
,Artificial Intelligence EB,Khemani,CSE,2013,1,9789383286782,McGraw Hill,7,,14400,,electronic
,Web Technologies EB,"Godbole, Achyut",CSE,2013,3,9789332900912,McGraw Hill,7,,14400,,electronic
,SPRING AND HIBERNATE-EB,SANTOSH KUMAR,CSE,2013,2,9781259058806,McGraw Hill,7,,14220,,electronic
,SAP PLANT MAINTENANCE-EB,FEROZ KHAN,CSE,2013,1,9789383286683,McGraw Hill,7,,11682,,electronic
,8051 Microcontroller Based EB,"PATEL, MANISH K",CSE,2014,1,9789332901261,McGraw Hill,7,,12240,,electronic
,MASTERING C  EB,VENUGOPAL,CSE,2014,2,9789332901285,McGraw Hill,7,,15570,,electronic
,Embedded Systems EB,RAJ KAMAL,CSE,2014,3,9789332901506,McGraw Hill,7,,12582,,electronic
,An Intro 2 Program thru C++ EB MOOC,Ranade,CSE,2014,1,9789332901520,McGraw Hill,7,,11700,,electronic
,Computer Org.& Architecture EB,"SARANGI, SMRUTI RANJAN",CSE,2014,1,9789332901841,McGraw Hill,7,,12330,,electronic
,OBJECT ORI PROG & DS AU EB,BALAGURUSAMY,CSE,2014,1,9789353164485,McGraw Hill,7,,8982,,electronic
,INTRO TO EMBEDDED SYSTEMS EB,Shibu,CSE,2016,2,9789339219697,McGraw Hill,7,,12150,,electronic
,AN INTRODUCTION TO SAP SALES,RAKSHIT,CSE,2015,1,9789339221171,McGraw Hill,7,,11520,,electronic
,SOFTWARE ENGINEERING EB,NARANG,CSE,2015,1,9789339220976,McGraw Hill,7,,9450,,electronic
,COMPUTER PROGRAMMING EB,BALAGURUSAMY,CSE,2013,1,9789353164553,McGraw Hill,7,,8100,,electronic
,MCQ IN COMPUTER SCIENCE,Timothy,CSE,2014,5,9789351342502,McGraw Hill,7,,10620,,electronic
,Comp Prog with CD JNTUH EB,BALAGURUSAMY,CSE,2013,1,9789353164515,McGraw Hill,7,,6750,,electronic
,PROGRAMMING IN C# EB,BALAGURUSAMY,CSE,2014,4,9789351343196,McGraw Hill,7,,11430,,electronic
,ENGINEERING THERMODYNAMICS EB,NAG,CSE,2017,6,9789352606436,McGraw Hill,7,,11430,,electronic
,INTRO. TO COMP & PROB SOLVING USING PYTHON EB,BALAGURUSAMY,CSE,2016,1,9789353164195,McGraw Hill,7,,7380,,electronic
,Computing Fundamentals and C-Programming EB,BALAGURUSAMY,CSE,2017,2,9789352604173,McGraw Hill,7,,10260,,electronic
,DATA ANALYTICS EB,Maheshwari,CSE,2014,1,9789352604197,McGraw Hill,7,,8100,,electronic
,R Programming for Beginners EBK,Rakshit,CSE,2017,1,9789352604562,McGraw Hill,7,,13050,,electronic
,BIG DATA EB,"MAHESHWARI, ANIL",CSE,2017,1,9789352604548,McGraw Hill,7,,8100,,electronic
,SMAC EB,FEROZ KHAN,CSE,2017,1,9789353169299,McGraw Hill,7,,10890,,electronic
,INTERNET OF THINGS EB,RAJ KAMAL,CSE,2012,1,9789352605231,McGraw Hill,7,,10782,,electronic
,DATA ANALYTICS USING R EB,ACHARYA,CSE,2018,1,9789352605255,McGraw Hill,7,,12240,,electronic
,Precision - Internet of Things (EB),Chou,CSE,2017,1,9789352605392,McGraw Hill,7,,11430,,electronic
,OBJECT ORIENTED PROGRAMMING WITH C++ EB,BALAGURUSAMY,CSE,2017,7,9789387067196,McGraw Hill,7,,9450,,electronic
,Applied Machine Learning EB,GOPAL,CSE,2018,1,9789353160265,McGraw Hill,7,,14400,,electronic
,SOFT COMOPUTING EB,KAUSHIK,CSE,2018,1,9789353160678,McGraw Hill,7,,13230,,electronic
,Database Management Systems MU 2018 EB,GUPTA,CSE,2018,1,9789353161408,McGraw Hill,7,,6300,,electronic
,Programming with JAVA 6e EB,BALAGURUSAMY,CSE,2019,6,9789353162337,McGraw Hill,7,,10782,,electronic
,PROGRAMMING FOR PROBLEM SOLVING EB,BALAGURUSAMY,CSE,2018,1,9789353162795,McGraw Hill,7,,6300,,electronic
,Cryptography and Network Security 4e EB,Kahate,CSE,2019,4,9789353163310,McGraw Hill,7,,12150,,electronic
,Big Data Analytics EB,Raj Kamal,CSE,2019,1,9789353164973,McGraw Hill,7,,11610,,electronic
,Programming in ANSI C EB,BALAGURUSAMY,CSE,2019,8,9789353165147,McGraw Hill,7,,9450,,electronic
,BIG DATA EB,MAHESHWARI,CSE,2019,2,9789353167967,McGraw Hill,7,,9720,,electronic
,Python Porgramming EB,Gupta,CSE,2019,1,9789353168018,McGraw Hill,7,,10710,,electronic
,Embedded Systems EB,RAJ KAMAL,CSE,0,4,9789353168032,McGraw Hill,7,,13500,,electronic
,Human Computer Interaction EB,Bhattacharya,CSE,2019,1,9789353168056,McGraw Hill,7,,11160,,electronic
,SOFTWARE RELIABILITY ENGG EB,SUBBURAJ,CSE,2014,1,9789383286706,McGraw Hill,7,,11430,,electronic
,"INFO. THEORY, CODING & CRYPTOGRAPHY EB",BOSE,CSE,2016,3,9789385880575,McGraw Hill,7,,12870,,electronic
,Problem Solving & Python Programming (AU) EB,Balagurusamy,CSE,2017,1,9789353164164,McGraw Hill,7,,8910,,electronic
,PROGRAMMING WITH PYTHON  EB,KAMTHANE,CSE,2017,1,9789387067585,McGraw Hill,7,,9900,,electronic
,PROGRAMMING WITH C (AU) EB,BALAGURUSAMY,CSE,2017,1,9789353164126,McGraw Hill,7,,9270,,electronic
,SOFTWARE TESTING -EB,RAJANI,CSE,2017,2,9789387432680,McGraw Hill,7,,14220,,electronic
,COMPUTER FUNDAMENTALS AND C PROGRAMMING  EB,DAS,CSE,2018,1,9789387886087,McGraw Hill,7,,11070,,electronic
,Augmented Reality EB,"SHETTY, CHETANKUMAR G",CSE,2020,1,9789389949179,McGraw Hill,7,,17910,,electronic
,Object Oriented Programming with C++ EB,BALAGURUSAMY,CSE,2020,8,9789389949193,McGraw Hill,7,,10782,,electronic
,Programming & Problem Solving with PYTHON EB,KAMTHANE,CSE,2020,2,9789390113033,McGraw Hill,7,,10350,,electronic
,Programming for Problem Solving EB,Das,CSE,2020,1,9789390491704,McGraw Hill,7,,10782,,electronic
,EBOOK STATICS AND MECHANICS OF MATERIALS 3E,BEER,MME,2020,3,9781260590203,McGraw Hill,7,,23976,,electronic
,EBOOK MODERN COMPRESSIBLE FLOW: WITH HISTL PERSPECTIVE 4E,ANDERSON,MME,2020,4,9781260590043,McGraw Hill,7,,23976,,electronic
,EBOOK INTRODUCTION TO MECHATRONICS AND MEASUREMENT SYSTEMS,ALCIATORE,MME,2018,5,9781260289299,McGraw Hill,7,,23976,,electronic
,EBOOK MACHINING AND CNC TECHNOLOGY,FITZPATRICK,MME,2018,4,9781260290493,McGraw Hill,7,,23976,,electronic
,EBOOK TECHNOLOGY OF MACHINE TOOLS,KRAR,MME,2019,8,9781260569926,McGraw Hill,7,,23976,,electronic
,EBOOK THERMODYNAMICS: AN ENGINEERING APPROACH,CENGEL,MME,2018,9,9781260289183,McGraw Hill,7,,23976,,electronic
,EBOOK VECTOR MECHANICS ENGINEERS: DYNAMICS,BEER,MME,2018,12,9781260289695,McGraw Hill,7,,23976,,electronic
,EBOOK VECTOR MECHANICS ENGINEERS: STATICS,BEER,MME,2018,12,9781260289688,McGraw Hill,7,,23976,,electronic
,EBOOK VECTOR MECHANICS FOR ENGINEERS: STATICS AND DYNAMICS,BEER,MME,2018,12,9781260289671,McGraw Hill,7,,23976,,electronic
,ROBOTICS TECHNOLOGY AND  EXP,DEB,MME,2009,2,9780071338073,McGraw Hill,7,,13230,,electronic
,REFRIG & AIRCONDITIONING 3E EB,ARORA,MME,2008,3,9781259081101,McGraw Hill,7,,9900,,electronic
,ADV  MECHANICS OF SOLIDS EXP,SRINATH,MME,2008,3,9780071337465,McGraw Hill,7,,15750,,electronic
,METROLOGY & MEASUREMENT EB,BEWOOR,MME,2009,1,9781259081323,McGraw Hill,7,,14580,,electronic
,ENGG MECHANICS: STAT & DYN EB,NELSON,MME,2009,1,9781259081569,McGraw Hill,7,,15570,,electronic
,VIBRATION AND ACOUSTICS  EXP,SUJATHA,MME,2009,1,9780071323192,McGraw Hill,7,,16200,,electronic
,PRIN OF FOUNDRY TECH 5E EB,JAIN,MME,2009,5,9781259081668,McGraw Hill,7,,18720,,electronic
,"Basic & Appl Therm, 2e EB",NAG,MME,2009,2,9781259081675,McGraw Hill,7,,15300,,electronic
,AUTOMOBILE ENGINEERING EB,MHHE,MME,2012,1,9781259082191,McGraw Hill,7,,14400,,electronic
,ROBOTICS AND CONTROL EB,MITTAL & NAGRATH,MME,2003,1,9781259082283,McGraw Hill,7,,15570,,electronic
,MECHATRONICS EB,MAHALIK,MME,2004,1,9781259082313,McGraw Hill,7,,18180,,electronic
,INDUSTRIAL SAFETY MANAGEMENT EXP,DESHMUKH,MME,2007,1,9780071338097,McGraw Hill,7,,18000,,electronic
,MEMS EB,MAHALIK N P,MME,2007,1,9781259082740,McGraw Hill,7,,25200,,electronic
,MACHINE DESIGN - SIGMA SER EB,KULKARNI,MME,2008,1,9781259082801,McGraw Hill,7,,10782,,electronic
,ELEMENTS OF FRACTURE  EXP,KUMAR,MME,2008,1,9780071323079,McGraw Hill,7,,14040,,electronic
,MACHINE DRAWING EXP,SINGH,MME,2008,1,9780071337410,McGraw Hill,7,,7470,,electronic
,INTRO TO FLUID MEC - REVSD EB,SOM,MME,2007,2,9781259083082,McGraw Hill,7,,7920,,electronic
,JIGS AND FIXTURES  EXP,JOSHI,MME,2010,3,9780071323284,McGraw Hill,7,,12420,,electronic
,THERMAL ENGINEERING EB,RATHORE,MME,2010,1,9781259083433,McGraw Hill,7,,20610,,electronic
,DESIGN OF MACHINE ELE 3E (EB),BHANDARI,MME,2010,3,9781259083518,McGraw Hill,7,,11250,,electronic
,GAS TURBINES 3E EB,GANESAN,MME,2010,3,9781259083563,McGraw Hill,7,,15120,,electronic
,CAD/CAM: PRIN & APPL EB,RAO,MME,2010,3,9781259083570,McGraw Hill,7,,14220,,electronic
,PRIN OF INDUS. INSTEMN. 3E EB,PATRANABIS,MME,2010,3,9781259083716,McGraw Hill,7,,16110,,electronic
,FLUID MECH/HYDRAUL MACHINES EB,SUBRAMANYA,MME,2010,1,9781259083747,McGraw Hill,7,,13770,,electronic
,"MECHANICAL OPERATIONS, 1E EB",SWAIN,MME,2010,1,9781259083778,McGraw Hill,7,,12420,,electronic
,HEAT AND MASS TRANSFER EB,NAG,MME,2011,3,9781259084058,McGraw Hill,7,,12420,,electronic
,TURBINES COMPRESSORS AND FANS  EXP,YAHYA,MME,2010,4,9780071323307,McGraw Hill,7,,16920,,electronic
,BASIC MECH ENGG TNDEEM UNIV EB,SHANMUGAM,MME,2010,1,9781259084164,McGraw Hill,7,,5382,,electronic
,AN INTRO TO MECHAN SOLIDS EB,CRANDALL,MME,2012,3,9781259084393,McGraw Hill,7,,16560,,electronic
,MACHINE DRAWING 3B,SINGH,MME,2011,2,9781259084607,McGraw Hill,7,,16290,,electronic
,INT. TO FLD MECH & FLD MACH EB,SOM,MME,2018,3,9781259050176,McGraw Hill,7,,13500,,electronic
,BASIC MECH ENGG - RGPV 2011 EB,NAG,MME,2011,4,9781259050480,McGraw Hill,7,,4050,,electronic
,MACHINE TOOL DESIGN EB,MEHTA,MME,2012,3,9781259050978,McGraw Hill,7,,15120,,electronic
,INTERNAL COMBUSTION ENGINES EB,GANESAN,MME,2012,4,9789352601622,McGraw Hill,7,,12060,,electronic
,FLUID MECH & HYDRAULIC MAC EB,SUKUMAR PATI,MME,2012,1,9781259051302,McGraw Hill,7,,15390,,electronic
,Hydraulic Machines EB,"Subramanya, K",MME,2013,1,9789332900981,McGraw Hill,7,,12060,,electronic
,"HEAT AND MAS TRA,P&S EB",DIXIT,MME,2015,1,9781259084409,McGraw Hill,7,,15750,,electronic
,BAS REF & AIR CONDITIONING EB,"Ananthanarayanan, P N",MME,2013,4,9789332901124,McGraw Hill,7,,12870,,electronic
,Introduction to Robotics EB,"SAHA, S. K.",MME,2014,2,9789332902817,McGraw Hill,7,,14940,,electronic
,"Metal Cutting Tools,Jigs&Fi EB","MEHTA, N K",MME,2014,1,9789339213206,McGraw Hill,7,,11682,,electronic
,ENGINEERING MECHANICS EB,DHIMAN,MME,2015,1,9789339219291,McGraw Hill,7,,13050,,electronic
,HEAT TREATMENT OF STEELS,MANDAL,MME,2015,1,9789339221065,McGraw Hill,7,,22680,,electronic
,DESIGN OF MACHINE ELEMENTS EB,"BHANDARI, V B",MME,2016,4,9789339221133,McGraw Hill,7,,12870,,electronic
,PLUMBING DESIGN AND PRACTICE EB,DEOLALIKAR,MME,2015,2,9789353169350,McGraw Hill,7,,14040,,electronic
,ENGINEERING MECHANICS JNTU EB,DUBEY,MME,2015,1,9789353164270,McGraw Hill,7,,5850,,electronic
,Machine Design Data Book EB,"Bhandari, V. B.",MME,2014,1,9789351342854,McGraw Hill,7,,13230,,electronic
,Vector Mechanics for Engg Statics (SI) EB,BEER,MME,2019,12,9789353166601,McGraw Hill,7,,12600,,electronic
,Vector Mechanics for Engg Dynamics (SI) EB,BEER,MME,2019,12,9789353166663,McGraw Hill,7,,13500,,electronic
,ENGINEERING THERMODYNAMICS EXAM PREP EB,MHE,MME,2017,1,9789353164157,McGraw Hill,7,,6300,,electronic
,MANUFACTURING TECHNOLOGY VOL1 EB,RAO,MME,2018,5,9789353160517,McGraw Hill,7,,12240,,electronic
,MANUFACTURING TECH. VOL 2 EB,RAO,MME,2018,4,9789353160531,McGraw Hill,7,,12240,,electronic
,TURBOMACHINERY EB,DUBEY,MME,2018,1,9789353161163,McGraw Hill,7,,10890,,electronic
,Thermodynamics -Basic and Applied EB,Ganesan,MME,2018,1,9789353161286,McGraw Hill,7,,13590,,electronic
,Fluid Mechanics and Hydraulic Machines EB,Subramanya,MME,2018,2,9789353163433,McGraw Hill,7,,16740,,electronic
,DESIGN OF MACHINE ELEMENTS EXAM PRPE EB,MHE,MME,2018,1,9789353168995,McGraw Hill,7,,6300,,electronic
,THERMAL ENGINEERING VOL 2 (JNTU'18) EB,RATHORE,MME,2018,1,9789353168933,McGraw Hill,7,,6120,,electronic
,Thermodynamics: An Engg Approach (SIE) EB,Cengel,MME,2019,9,9789353168476,McGraw Hill,7,,16020,,electronic
,FLUID MECHANICS : FUND. & APPLICATION 4/e EB,CENGEL,MME,2019,4,9789353166229,McGraw Hill,7,,15480,,electronic
,Theory of Machines EB,Rattan,MME,2019,5,9789353166335,McGraw Hill,7,,13050,,electronic
,MACHINE DESIGN DATA BOOK EB,BHANDARI,MME,2019,2,9789353166359,McGraw Hill,7,,13950,,electronic
,VECTOR MECHANICS FOR ENGINEERS STATICS  (SIE) EB,BEER,MME,2019,12,9789353166601,McGraw Hill,7,,15030,,electronic
,VECTOR MECHANICS FOR ENGINEERS STATICS & DYNAMICS (SIE) 12E,BEER,MME,2019,12,9789353166632,McGraw Hill,7,,17190,,electronic
,VECTOR MECHANICS FOR ENGINEERS DYNAMICS (SIE) EB,BEER,MME,2019,12,9789353166663,McGraw Hill,7,,15570,,electronic
,Intro. to Chemical Engineering Thermodynamics EB,Smith,MME,2018,8,9789353168506,McGraw Hill,7,,18990,,electronic
,ENGG THERMO & FLUID MECH WBUT EB,NAG,MME,2016,5,9789353164232,McGraw Hill,7,,6480,,electronic
,Vector Mechanics for Engg S&D SI EB,BEER,MME,2019,12,9789353166632,McGraw Hill,7,,15300,,electronic
,Design of Machine Elements EB,Bhandari,MME,2020,5,9789390177486,McGraw Hill,7,,13500,,electronic
,Heat and Mass Transfer (in SI Units) EB,Cengel,MME,2020,6,9789390185290,McGraw Hill,7,,15300,,electronic
,Mechanics of Materials (in SI Units) EB,BEER,MME,2020,8,9789390219438,McGraw Hill,7,,16650,,electronic
,Shigley's Mechanical Engg. Design (in SI Units) EB,Budynas,MME,2020,11,9789390219643,McGraw Hill,7,,16650,,electronic
,Refrigeration and Air Conditioning EB,"ARORA, C P",MME,2020,4,9789390385928,McGraw Hill,7,,13500,,electronic
,Additive Manufacturing EB,"Paul, Christ",MME,2021,1,9789390727889,McGraw Hill,7,,13482,,electronic
,POWER ELECTRONICS EXP,"HART, DANIEL",ECE,2010,1,9789351347996,McGraw Hill,7,,23976,,electronic
,EBOOK FUNDAMENTALS OF ELECTRIC CIRCUITS 7E,ALEXANDER,ECE,2020,7,9781260590012,McGraw Hill,7,,23976,,electronic
,EBOOK ELECTRONIC PRINCIPLES 9E,MALVINO,ECE,2020,9,9781260579697,McGraw Hill,7,,23976,,electronic
,EBOOK GROB'S BASIC ELECTRONICS 13E,SCHULTZ,ECE,2020,13,9781260590135,McGraw Hill,7,,23976,,electronic
,EBOOK PRINCIPLES OF ELECTRONIC MATERIALS AND DEVICES,KASAP,ECE,2017,4,9781260547368,McGraw Hill,7,,23976,,electronic
,EBOOK FUNDAMENTALS OF SEMICONDUCTOR DEVICES,ANDERSON,ECE,2017,2,9781260547184,McGraw Hill,7,,23976,,electronic
,EBOOK ENGINEERING CIRCUIT ANALYSIS,HAYT,ECE,2018,9,9781260288742,McGraw Hill,7,,23976,,electronic
,EBOOK ENGINEERING ELECTROMAGNETICS,HAYT,ECE,2018,9,9781260288858,McGraw Hill,7,,23976,,electronic
,SIGNALS & SYSTEMS 2E EB,NAGRATH,ECE,2009,2,9781259081347,McGraw Hill,7,,6840,,electronic
,ELECTRIC POWER DISTRIBUTION  EXP,PABLA,ECE,2010,6,9780071337199,McGraw Hill,7,,16110,,electronic
,NETWORK ANALYSIS & SYNTH EB,GHOSH,ECE,2009,1,9781259081422,McGraw Hill,7,,15390,,electronic
,DIGITAL IMAGE PROCESSING EB,JAYARAMAN,ECE,2009,1,9781259081439,McGraw Hill,7,,16740,,electronic
,BASIC ELECTRICAL ENGG 3E EB,KOTHARI,ECE,2009,3,9781259081538,McGraw Hill,7,,9900,,electronic
,ELECTRICAL PW DIST SYS EB,KAMARAJU,ECE,2009,1,9781259081743,McGraw Hill,7,,14040,,electronic
,NETWORK THEORY - BPUT EB,SATPATHY,ECE,2009,1,9781259081774,McGraw Hill,7,,5760,,electronic
,ELECTRICAL NETWORKS  EB,SINGH,ECE,2008,1,9781259081996,McGraw Hill,7,,15120,,electronic
,ELECTRICAL CIR ANAL JNTU EXP,"SUDHAKAR, A.",ECE,2008,1,9789339215514,McGraw Hill,7,,5220,,electronic
,DESIGN OF TRANSFORMERS EXP,DASGUPTA,ECE,2002,1,9780071336628,McGraw Hill,7,,19980,,electronic
,TRANSFORMERS  EXP,BHEL,ECE,2003,2,9780071336581,McGraw Hill,7,,19260,,electronic
,HANDBOOK OF SWITCHGEARS  EXP,BHEL,ECE,2005,1,9780071336598,McGraw Hill,7,,19800,,electronic
,ATM NETWORKS: CENCEPTS   EXP,KASERA,ECE,2006,2,9780071336857,McGraw Hill,7,,12330,,electronic
,POWER ELECTRONICS (EB),SINGH-KHANCHANDANI,ECE,2012,2,9781259082429,McGraw Hill,7,,12510,,electronic
,PRINTED CIRCUIT BOARDS EXP,KHANDPUR,ECE,2005,1,9780071336901,McGraw Hill,7,,20880,,electronic
,DIG COMMUNICATION EB,BHATTACHARYA,ECE,2005,1,9781259082450,McGraw Hill,7,,14310,,electronic
,FUNDAMENTALS OF SEMICON DEV EB,ACHUTHAN,ECE,2006,1,9781259082573,McGraw Hill,7,,15570,,electronic
,NETWORK ANALYSIS JNTU EXP,A SUDHAKAR,ECE,2006,2,9789352600564,McGraw Hill,7,,4500,,electronic
,POWER SYSTEM ENGINEERING 2E EB,KOTHARI & NAGRATH,ECE,2009,2,9781259082818,McGraw Hill,7,,11700,,electronic
,DIG CNTRL &STA VAR METHD 3E EB,GOPAL,ECE,2008,3,9781259083174,McGraw Hill,7,,9900,,electronic
,MODERN DIG ELECTRONICS 4E (EB),JAIN,ECE,2009,4,9781259083280,McGraw Hill,7,,11970,,electronic
,BASIC ELECTRICAL ENGG EB,CHAKRABARTI,ECE,2008,1,9781259083365,McGraw Hill,7,,14580,,electronic
,POWER SYS PROTEC&SWITCHGEAR EB,OZA,ECE,2010,1,9781259083396,McGraw Hill,7,,15840,,electronic
,WIRELESS COMMUNICATIONS EB,SINGAL,ECE,2010,1,9781259083501,McGraw Hill,7,,15840,,electronic
,VIRTUAL INSTR LABVIEW 2E EB,GUPTA,ECE,2010,2,9781259083815,McGraw Hill,7,,21870,,electronic
,ELEC DRIVES: CONC & APPL 2E EB,SUBRAHMANYAM,ECE,2010,2,9781259083983,McGraw Hill,7,,14580,,electronic
,DIGITAL SIGNAL PROCESSORS EB,VENKATARAMANI,ECE,2010,2,9781259084065,McGraw Hill,7,,13950,,electronic
,DIG IMGE PROCES USNG MAT 2E EB,GONZALEZ,ECE,2010,2,9781259084072,McGraw Hill,7,,17280,,electronic
,ANALOG COMMUNICATION EB,RAO,ECE,2011,1,9781259084140,McGraw Hill,7,,11610,,electronic
,DIGITAL COMMUNICATION EB,RAO,ECE,2011,1,9781259084157,McGraw Hill,7,,15570,,electronic
,HVDC TRANSMISSION  EB,KAMAKSHAIAH,ECE,2011,1,9781259084447,McGraw Hill,7,,12060,,electronic
,ANALOG & DIGITAL COMMUN EB,SINGAL,ECE,2012,1,9781259084522,McGraw Hill,7,,14040,,electronic
,POW SYS PROT & SWITCHGEAR EB,BADRI RAM,ECE,2011,2,9781259084706,McGraw Hill,7,,11250,,electronic
,MOD POW SYS ANALYSIS (EB),KOTHARI,ECE,2011,4,9781259084713,McGraw Hill,7,,12330,,electronic
,BASIC ELECTRONICS EB,ARADHYA,ECE,2013,1,9789383286867,McGraw Hill,7,,9810,,electronic
,DIGIT CONT & STATE VAR MET EB,GOPAL,ECE,2012,4,9781259050510,McGraw Hill,7,,17730,,electronic
,PRIN OF ELEC ENGG-JNTUH'11 EB,SUDHAKAR,ECE,2011,1,9781259050893,McGraw Hill,7,,6840,,electronic
,COMMUNICATION SYSTEMS EB,SINGH,ECE,2012,3,9781259050992,McGraw Hill,7,,14040,,electronic
,ELECTROMAGNETIC FIELD THEO EB,GHOSH,ECE,2012,1,9781259051326,McGraw Hill,7,,10530,,electronic
,ELECTRONIC DEV & CIRCUITS EB,SALIVAHANAN,ECE,2012,3,9781259051357,McGraw Hill,7,,9180,,electronic
,ELECTRICAL MACHINES,CHAKRABARTI,ECE,2015,1,9789339220051,McGraw Hill,7,,14220,,electronic
,BASIC ELECTRONICS EB,MANDAL,ECE,2012,1,9781259051388,McGraw Hill,7,,14940,,electronic
,Communication Systems EB,"Rao, P Ramakrishna",ECE,2010,1,9789332900967,McGraw Hill,7,,14670,,electronic
,Communication Engineering EB,"Vijayachitra, S",ECE,2013,1,9789332900974,McGraw Hill,7,,11610,,electronic
,PRINCIPLES OF MODERN WIRELESS COMMUNICATIONS EB,JAGANNATHAM,ECE,2015,1,9789339220037,McGraw Hill,7,,16560,,electronic
,IC Fabrication Technology EB,BOSE,ECE,2014,1,9789339213695,McGraw Hill,7,,8190,,electronic
,ELEC&ELE MEAS&INST EB,"PURKAIT, PRITHWIRAJ",ECE,2013,1,9789383286799,McGraw Hill,7,,13230,,electronic
,BASIC ELEC ENGG PU JULY'12 EB,SINGH,ECE,2019,1,9789353169589,McGraw Hill,7,,6300,,electronic
,VLSI Design EB,"Sahu, Partha Pratim",ECE,2013,1,9789339204549,McGraw Hill,7,,9882,,electronic
,WIRELESS COMM & NET EB,"MISRA, ITI SAHA",ECE,2013,2,9789383286805,McGraw Hill,7,,16110,,electronic
,SIGNALS AND SYSTEMS EB,"RAO, P. R.",ECE,2013,2,9789383286812,McGraw Hill,7,,13140,,electronic
,HIGH VOLTAGE ENGINEERING - EBOOK,NAIDU,ECE,2013,5,9780070673144,McGraw Hill,7,,10782,,electronic
,Network Analy & Synthesis EB,"SINGH, RAVISH",ECE,2012,1,9789383286829,McGraw Hill,7,,11250,,electronic
,CONTROL SYSTEMS WBUT EB,PURKAIT,ECE,2019,3,9789353164577,McGraw Hill,7,,6750,,electronic
,Electric Circuits & Networks EB,"Mehrotra, Monica",ECE,2020,1,9788194740094,McGraw Hill,7,,10170,,electronic
,COMPUTER TECHNIQUES IN POWER SYSTEM ANALYSIS EXP,PAI,ECE,2014,3,9789352600410,McGraw Hill,7,,14220,,electronic
,Power Electronics EB,MANDAL,ECE,2014,1,9789332901568,McGraw Hill,7,,15390,,electronic
,ELECTRONIC DEVICES AND CIRCUITS EB,"VENKATA RAO, K",ECE,2015,4,9789339219635,McGraw Hill,7,,14310,,electronic
,OPTICAL FIBER COMMUNICATION EB,CHAKRABARTI,ECE,2015,1,9789332901636,McGraw Hill,7,,9882,,electronic
,DIGITAL SIGNAL PROCESSING EB,SALIVAHANAN,ECE,2014,3,9789332902848,McGraw Hill,7,,11610,,electronic
,Electrical Machines EB,BHATTACHARYA,ECE,2014,4,9789332902862,McGraw Hill,7,,11070,,electronic
,Microwave Engineering EB,"DAS, SISIR",ECE,2014,3,9789332902886,McGraw Hill,7,,11610,,electronic
,Power Plant Engineering EB,"NAG, P. K.",ECE,2014,4,9789339204051,McGraw Hill,7,,13410,,electronic
,HB OF BIOMEDICAL INSTRUMENTATION-EB,KHANDPUR,ECE,2014,3,9789339205423,McGraw Hill,7,,17910,,electronic
,ELECT DEV AND CKTS JNTUK EB,SALIVAHANAN,ECE,2019,1,9789353164461,McGraw Hill,7,,5382,,electronic
,ELECT DEV & CKTS JNTUH EB,SALIVAHANAN,ECE,2014,1,9789353164423,McGraw Hill,7,,5382,,electronic
,MICROPR&MICROCONTR (WBUT) EB,MANDAL,ECE,2014,3,9789353164416,McGraw Hill,7,,8982,,electronic
,CIRCUIT THEORY AND NETWORKS EXP,SP GOSH AND AK CHAKRABORTY,ECE,2014,4,9789352600533,McGraw Hill,7,,8550,,electronic
,ELECTRONIC DEVICES & CIRCUIT JNTUA EB,SALIVAHANAN,ECE,2014,1,9789353164393,McGraw Hill,7,,5130,,electronic
,NETWORK ANALYSIS JNTUK'14 EB,"SUDHAKAR, A.",ECE,2015,1,9789339219987,McGraw Hill,7,,4950,,electronic
,Elec Cir Analysis-IJNTUK14 EB,SUDHAKAR,ECE,2014,1,9789339219994,McGraw Hill,7,,4950,,electronic
,MICROWAVE ENGINEERING,VASUKI,ECE,2015,1,9789339219499,McGraw Hill,7,,9000,,electronic
,ELECTRONIC DEVICES AND CIRCUITS EB,SALIVAHANAN,ECE,2016,3,9789353169312,McGraw Hill,7,,12330,,electronic
,DIGITAL COMMUNICATION EB,SINGAL,ECE,2015,1,9789339219536,McGraw Hill,7,,10350,,electronic
,CIRCUITS AND NETWORKS,SUDHAKAR,ECE,2015,5,9789339219611,McGraw Hill,7,,11610,,electronic
,ELECTRICAL ENGINEERING INSTRUM AU 2015,KOTHARI,ECE,2015,1,9789339220877,McGraw Hill,7,,8010,,electronic
,ELECTRONIC CIRCUITS I-AU 2015 EB,SALIVAHANAN,ECE,2015,1,9789339220891,McGraw Hill,7,,6750,,electronic
,HB OF ENERGY AUDIT EB,DESAI,ECE,2015,1,9789339221348,McGraw Hill,7,,28080,,electronic
,HAND BOOK OF ANALYTICAL INSTRUMENT EB,KHANDPUR,ECE,2015,3,9789339221362,McGraw Hill,7,,23490,,electronic
,NEXT GEN MOBILE COMMUNICATION EB,KAPPAL,ECE,2015,1,9789339221508,McGraw Hill,7,,10980,,electronic
,ANALOG ELEC. CIRC (WBUT) EB,MANDAL,ECE,2015,3,9789353164331,McGraw Hill,7,,7182,,electronic
,Linear Integrated Circuits EB,SALIVAHANAN,ECE,2014,2,9789351342892,McGraw Hill,7,,9180,,electronic
,NON CONVENTIONAL ENERGY RESOURCES EB,KHAN,ECE,2016,3,9789352601899,McGraw Hill,7,,9900,,electronic
,CIRCUIT THEORY & TRANSMISSION LINES MU EB,SINGH,ECE,2016,2,9789353164201,McGraw Hill,7,,7182,,electronic
,ELECTRIC MACHINES EB,KOTHARI,ECE,2017,5,9789352606412,McGraw Hill,7,,12582,,electronic
,BASIC ELECTRONICS 2E EB,KOTHARI,ECE,2017,2,9789352606474,McGraw Hill,7,,9720,,electronic
,SOLAR ENERGY E-BOOK,SUKHATME,ECE,2017,4,9789352607129,McGraw Hill,7,,11880,,electronic
,Circuit Theory and Networks EB,SINGH,ECE,2017,1,9789353160340,McGraw Hill,7,,7380,,electronic
,CIRCUITS AND NETWORK (EXAM PREP) EB,MHE,ECE,2017,1,9789353164140,McGraw Hill,7,,6300,,electronic
,LINEAR INTEGRATED CIRCUITS EB,SALIVAHANAN,ECE,2018,3,9789353160494,McGraw Hill,7,,11430,,electronic
,ELECTRONIC DEVICES & CIRCUITS JNTU EB,SALIVAHANAN,ECE,2018,1,9789353164089,McGraw Hill,7,,6300,,electronic
,BASIC ELECTRONICS & DEVICES JNTU EB,SALIVAHANAN,ECE,2018,1,9789353164096,McGraw Hill,7,,6480,,electronic
,LINEAR  IC APPLICATIONS EB,SALIVAHNAN,ECE,2018,1,9789353161026,McGraw Hill,7,,6300,,electronic
,DIGITAL ELECTRONICS - AU 2018 EB,MANDAL,ECE,2018,1,9789353161590,McGraw Hill,7,,8100,,electronic
,Basic Electrical Engineering - MU EB,SINGH,ECE,2018,3,9789353164065,McGraw Hill,7,,7650,,electronic
,CIRCUIT THEORY &  NETWORKS MU EB,SINGH,ECE,2018,2,9789353164072,McGraw Hill,7,,8100,,electronic
,Electronic Circuits 1 AU 2018 EB,Salivahanan,ECE,2018,1,9789353161798,McGraw Hill,7,,8100,,electronic
,SIGNALS AND SYSTEMS AU 2018 EB,SALIVAHANAN,ECE,2018,1,9789353161811,McGraw Hill,7,,8100,,electronic
,Electronic Instrumentation and Measurements EB,KALSI,ECE,2019,4,9789353162528,McGraw Hill,7,,11070,,electronic
,ELETROMAGNETIC FIELD THEORY EB,SALIVAHANAN,ECE,2018,2,9789353162771,McGraw Hill,7,,13050,,electronic
,BASIC ELECTRICAL ENGINEERING EB,SALIVAHNAN,ECE,2018,1,9789353169077,McGraw Hill,7,,6750,,electronic
,Basic Electrical Engineering MAKAUT 2018 EB,Chakrabarti,ECE,2018,1,9789353162986,McGraw Hill,7,,8100,,electronic
,BASIC ELECTRONICS - GTU 2018 EB,SALIVHANAN,ECE,2018,1,9789353169053,McGraw Hill,7,,5382,,electronic
,Linear Integrated Circuits AU 2018 EB,Salivahanan,ECE,2018,1,9789353169022,McGraw Hill,7,,8010,,electronic
,Linear Integrated Circuits & Applications-AU 2018 EB,Salivahanan,ECE,2018,1,9789353168957,McGraw Hill,7,,8010,,electronic
,Electronic Circuits - II AU 2018 EB,Salivahanan,ECE,2018,1,9789353168971,McGraw Hill,7,,8010,,electronic
,Measurements and Instrumentation AU 2018 EB,Salivahanan,ECE,2019,1,9789389691115,McGraw Hill,7,,8010,,electronic
,POWER SYSTEM ENGINEERING EB,Kothari,ECE,2019,3,9789353165123,McGraw Hill,7,,12330,,electronic
,BASIC ELECTRICAL ENGINEERING EB,Kothari,ECE,2019,4,9789353165734,McGraw Hill,7,,10782,,electronic
,Network Analysis and Synthesis EB,SINGH,ECE,2019,2,9789353166731,McGraw Hill,7,,12510,,electronic
,Basic Electrical Engineering EB,Kulshreshtha,ECE,2019,2,9789353167226,McGraw Hill,7,,11250,,electronic
,Digital Signal Processing EB,Salivahanan,ECE,2020,4,9789353167431,McGraw Hill,7,,13050,,electronic
,Analog and Digital Electronics (JNTU) EB,Salivahanan,ECE,2019,1,9789389691153,McGraw Hill,7,,7110,,electronic
,Network Analysis and Transmission Lines (JNTU) EB,Salivahanan,ECE,2019,1,9789389691160,McGraw Hill,7,,7110,,electronic
,Basic Electronics (GTU2019) EB,Salivahanan,ECE,2019,1,9789389691207,McGraw Hill,7,,5850,,electronic
,ENGINEERING ELECTROMAGNETICS (SIE) EB,Hayt,ECE,2020,9,9789353169732,McGraw Hill,7,,13050,,electronic
,ULTRACAPACITORS-EB,DESHPANDE,ECE,2014,1,9789383286720,McGraw Hill,7,,18810,,electronic
,INSTRUMENTATION AND CONTROL SYSTEMS EB,"RAJU, PADMA",ECE,2016,1,9789385880537,McGraw Hill,7,,9180,,electronic
,INSTRUMENTATION MEASUREMENT & ANALYSIS EB,NAKRA & CHAUDHARY,ECE,2016,4,9789385965005,McGraw Hill,7,,14940,,electronic
,ELECTRONIC DEVICES EB,SALIVAHANAN,ECE,2017,1,9789339224820,McGraw Hill,7,,9270,,electronic
,Physics for EE & Info Science EB,Salivahnan,ECE,2018,1,9789353160456,McGraw Hill,7,,9270,,electronic
,ELECTRONIC CIRCUIT ANALYSIS (JNTUH'19) EB,SALIVAHANAN,ECE,2019,1,9789389811025,McGraw Hill,7,,6300,,electronic
,ELECTROMAGNETIC FIELDS & WAVES (JNTUH'19) EB,SALIVAHANAN,ECE,2019,1,9789389811001,McGraw Hill,7,,7182,,electronic
,HIGH-VOLTAGE ENGINEERING EB,NAIDU,ECE,2020,6,9789389811230,McGraw Hill,7,,10782,,electronic
,Microwave Engineering EB,"Das, Annapurna",ECE,2020,4,9789390113354,McGraw Hill,7,,11610,,electronic
,HVDC Transmission EB,Kamakshaiah,ECE,2020,2,9789390219612,McGraw Hill,7,,10350,,electronic
,Sport Psychology EXP,Cox,HSS,2017,7,9789332902312,McGraw Hill,7,,23976,,electronic
,Kinesiology EXP,Hamilton,HSS,2011,12,9789332902152,McGraw Hill,7,,23976,,electronic
,ENGLISH SKILLS EXP,LANGAN,HSS,2013,10,9789351348191,McGraw Hill,7,,23976,,electronic
,CLASSROOM READING INVENTORY EXP,WHEELOCK,HSS,2013,12,9789351347583,McGraw Hill,7,,23976,,electronic
,EBOOK STRATEGIC READING AND WRITING,KUEHNER,HSS,2019,5,9781260569124,McGraw Hill,7,,23976,,electronic
,EBOOK COMMON GROUND: BASIC INTEGRATED RDG AND WRITING SKILLS,HOEFFNER,HSS,2018,14,9781260290745,McGraw Hill,7,,23976,,electronic
,EBOOK LIFE:THE ESSENTIALS OF HUMAN DEVELOPMENT,MARTORELL,HSS,2018,18,9781260289046,McGraw Hill,7,,23976,,electronic
,EBOOK FUNDAMENTALS OF PSYCHOLOGY:PERSPECTIVES AND CNCTIONS,FEIST,HSS,2019,3,9781260569858,McGraw Hill,7,,23976,,electronic
,EBOOK THE SCIENCE OF PSYCHOLOGY: AN APPRECIATIVE VIEW,KING,HSS,2019,6,9781260568752,McGraw Hill,7,,23976,,electronic
,EBOOK METHODS IN BEHAVIORAL RESEARCH,COZBY,HSS,2017,4,9781260546941,McGraw Hill,7,,23976,,electronic
,EBOOK BUILDINGS ACROSS TIME: AN INTRODUCTION TO WORLD ARCHIT,FAZIO,HSS,2018,5,9781260290691,McGraw Hill,7,,23976,,electronic
,EBOOK EXPERIENCE HISTORY VOL 2: SINCE 1865,DAVIDSON,HSS,2018,8,9781260288995,McGraw Hill,7,,23976,,electronic
,"EBOOK WRITE NOW, 3E",RUSSELL,HSS,2020,3,9781260589924,McGraw Hill,7,,23976,,electronic
,EBOOK ENGAGING QUESTIONS 3E,CHANNELL,HSS,2020,3,9781260590395,McGraw Hill,7,,23976,,electronic
,EBOOK EXPLORING PHYSICAL GEOGRAPHY 3E,REYNOLDS,HSS,2020,3,9781260589771,McGraw Hill,7,,23976,,electronic
,EBOOK EXPERIENCE SOCIOLOGY 4E,CROTEAU,HSS,2019,3,9781260568516,McGraw Hill,7,,23976,,electronic
,EBOOK OLA EXPERIENCE SOCIOLOGY 3E,CROTEAU,HSS,2017,3,9781260546804,McGraw Hill,7,,23976,,electronic
,EBOOK INTERPERSONAL COMMUNICATION 4E,FLOYD,HSS,2020,4,9781260579215,McGraw Hill,7,,23976,,electronic
,EBOOK ESSENTIALS OF MEDICAL LANGUAGE 4E,ALLAN,HSS,2020,4,9781260590029,McGraw Hill,7,,23976,,electronic
,EBOOK QNS AND ANS: A GUIDE TO FITNESS AND WELLNESS 5E,LIGUORI,HSS,2020,5,9781260579604,McGraw Hill,7,,23976,,electronic
,EBOOK HUMAN COMMUNICATION 7E,PEARSON,HSS,2020,7,9781260589610,McGraw Hill,7,,23976,,electronic
,EBOOK TONAL HARMONY 8E,KOSTKA,HSS,2017,8,9781260538014,McGraw Hill,7,,23976,,electronic
,EBOOK LAW & ETHICS FOR THE HEALTH PROFESSIONS 9E,JUDSON,HSS,2020,9,9781260579505,McGraw Hill,7,,23976,,electronic
,EBOOK OLA FOR BIOLOGY: CONCEPTS AND INVESTIGATIONS,HOEFNAGELS,HSS,2017,2,9781260547160,McGraw Hill,7,,23976,,electronic
,"EBOOK MUSIC IN THEORY AND PRACTICE, VOLUME 2 10E",BENWARD,HSS,2020,10,9781260589498,McGraw Hill,7,,23976,,electronic
,EBOOK ENGLISH SKILLS WITH READINGS 10E,LANGAN,HSS,2020,10,9781260579543,McGraw Hill,7,,23976,,electronic
,EBOOK INTRODUCTION TO MASS COMMUNICATION 11E,BARAN,HSS,2020,11,9781260590081,McGraw Hill,7,,23976,,electronic
,EBOOK COMMUNICATING IN GROUPS: APPLICATIONS AND SKILLS 11E,ADAMS,HSS,2020,11,9781260589917,McGraw Hill,7,,23976,,electronic
,"EBOOK INFANTS, TODDLERS, AND CAREGIVERS 12E",GONZALEZ-MENA,HSS,2020,12,9781260579291,McGraw Hill,7,,23976,,electronic
,EBOOK CRITICAL THINKING 13E,MOORE,HSS,2020,13,9781260579789,McGraw Hill,7,,23976,,electronic
,EBOOK FIT & WELL 14E,FAHEY,HSS,2020,14,9781260589559,McGraw Hill,7,,23976,,electronic
,EBOOK EXPERIENCE HUMAN DEVELOPMENT 14E,PAPALIA,HSS,2020,14,9781260589597,McGraw Hill,7,,23976,,electronic
,EBOOK COMPREHENSIVE STRESS MANAGEMENT 15E,GREENBERG,HSS,2020,15,9781260579307,McGraw Hill,7,,23976,,electronic
,EBOOK CHILD DEVELOPMENT: INTRO 15E,SANTROCK,HSS,2020,15,9781260589979,McGraw Hill,7,,23976,,electronic
,"EBOOK FOUNDATIONS OF PHYSICAL ED, EXERCISE SCIENCE, & SPORT",WALTON-FISETTE / WUEST,HSS,2020,12,9781260590494,McGraw Hill,7,,23976,,electronic
,EBOOK PUBLIC AND PRIVATE FAMILIES: AN INTRODUCTION 9E,CHERLIN,HSS,2020,9,9781260590418,McGraw Hill,7,,23976,,electronic
,EBOOK OLA WINDOW ON HUMANITY,KOTTAK,HSS,2019,9,9781260590791,McGraw Hill,7,,23976,,electronic
,EBOOK MIRROR FOR HUMANITY,KOTTAK,HSS,2019,12,9781260569636,McGraw Hill,7,,23976,,electronic
,EBOOK FILM ART: AN INTRODUCTION,BORDWELL,HSS,2019,12,9781260568585,McGraw Hill,7,,23976,,electronic
,EBOOK ROCK MUSIC STYLES,CHARLTON,HSS,2019,8,9781260569070,McGraw Hill,7,,23976,,electronic
,EBOOK HARMONY IN CONTEXT,ROIG-FRANCOLI,HSS,2019,3,9781260569711,McGraw Hill,7,,23976,,electronic
,EBOOK THE THEATRE EXPERIENCE,WILSON,HSS,2019,14,9781260568677,McGraw Hill,7,,23976,,electronic
,EBOOK THEATRICAL DESIGN AND PRODUCTION,GILLETTE,HSS,2019,8,9781260569056,McGraw Hill,7,,23976,,electronic
,"EBOOK THEATRE, BRIEF",COHEN,HSS,2019,12,9781260568691,McGraw Hill,7,,23976,,electronic
,EBOOK EXPLORING WRITING: PARAGRAPHS AND ESSAYS,LANGAN,HSS,2019,4,9781260569780,McGraw Hill,7,,23976,,electronic
,EBOOK  DEUTSCH: NA KLAR!,DI DONATO,HSS,2019,8,9781260569865,McGraw Hill,7,,23976,,electronic
,EBOOK EN AVANT: BEGINNING FRENCH,ANDERSON,HSS,2019,3,9781260569827,McGraw Hill,7,,23976,,electronic
,EBOOK EXPERIENCE SPANISH,AMORES,HSS,2019,3,9781260569841,McGraw Hill,7,,23976,,electronic
,EBOOK PUNTO Y APARTE,FOERSTER,HSS,2019,6,9781260569834,McGraw Hill,7,,23976,,electronic
,EBOOK A TOPICAL APPROACH TO LIFE-SPAN DEVELOPMENT,SANTROCK,HSS,2019,10,9781260568745,McGraw Hill,7,,23976,,electronic
,EBOOK AMERICA'S LONGEST WAR,HERRING,HSS,2019,6,9781260569315,McGraw Hill,7,,23976,,electronic
,EBOOK ESSENTIALS OF UNDERSTANDING PSYCHOLOGY,FELDMAN,HSS,2018,13,9781260289602,McGraw Hill,7,,23976,,electronic
,EBOOK MUSIC:AN APPRECIATION,KAMIEN,HSS,2017,12,9781260546736,McGraw Hill,7,,23976,,electronic
,EBOOK TO ACCOMPANY A HISTORY OF EUROPE IN THE MODERN WORLD,KRAMER/PALMER,HSS,2019,12,9781260569032,McGraw Hill,7,,23976,,electronic
,"EBOOK WRITING MATTERS: A HDBK OF WRITING & RESEARCH, TABBED",HOWARD,HSS,2018,3,9781260290547,McGraw Hill,7,,23976,,electronic
,EBOOK INFANTS TODDLERS & CAREGIVERS,GONZALEZ-MENA,HSS,2015,11,9781260547573,McGraw Hill,7,,23976,,electronic
,EBOOK OLA FOR INTERVIEWING,STEWART,HSS,2017,15,9781260538076,McGraw Hill,7,,23976,,electronic
,EBOOK OLA FOR THEORIES OF PERSONALITY,FEIST,HSS,2017,9,9781260546699,McGraw Hill,7,,23976,,electronic
,EBOOK OLA FOR ANIMAL DIVERSITY,HICKMAN JR,HSS,2017,8,9781260538298,McGraw Hill,7,,23976,,electronic
,EBOOK OLA FOR EXPLORING SOCIAL PSYCHOLOGY,MYERS,HSS,2017,8,9781260546866,McGraw Hill,7,,23976,,electronic
,EBOOK OLA FOR RESEARCH DESIGN AND METHODS,BORDENS,HSS,2017,10,9781260546873,McGraw Hill,7,,23976,,electronic
,EBOOK OLA PSYCHOLOGY AND YOUR LIFE WITH P.O.W.E.R. LEARNING,FELDMAN,HSS,2017,3,9781260547429,McGraw Hill,7,,23976,,electronic
,EBOOK HEALTH PSYCHOLOGY,TAYLOR,HSS,2017,10,9781260538304,McGraw Hill,7,,23976,,electronic
,EBOOK MANUAL OF STRUCTURAL KINESIOLOGY,FLOYD,HSS,2017,12,9781260546996,McGraw Hill,7,,23976,,electronic
,EBOOK OLA FOR INTERPERSONAL CONFLICT,WILMOT,HSS,2017,10,9781260546712,McGraw Hill,7,,23976,,electronic
,EBOOK A FIRST LOOK AT COMMUNICATION THEORY,GRIFFIN,HSS,2018,10,9781260290707,McGraw Hill,7,,23976,,electronic
,EBOOK ABNORMAL PSYCHOLOGY,WHITBOURNE,HSS,2019,9,9781260569117,McGraw Hill,7,,23976,,electronic
,EBOOK ABNORMAL PSYCHOLOGY,NOLEN-HOEKSEMA,HSS,2019,8,9781260569674,McGraw Hill,7,,23976,,electronic
,EBOOK ADOLESCENCE,STEINBERG,HSS,2019,12,9781260569414,McGraw Hill,7,,23976,,electronic
,EBOOK ADOLESCENCE,SANTROCK,HSS,2018,17,9781260289879,McGraw Hill,7,,23976,,electronic
,EBOOK AMERICAS MUSICAL LANDSCAPE,FERRIS,HSS,2018,8,9781260290738,McGraw Hill,7,,23976,,electronic
,EBOOK ANALYZING MORAL ISSUES,BOSS,HSS,2019,7,9781260569018,McGraw Hill,7,,23976,,electronic
,EBOOK ANTHROPOLOGY: APPRECIATING HUMAN DIVERSITY,KOTTAK,HSS,2018,18,9781260290387,McGraw Hill,7,,23976,,electronic
,EBOOK BIOLOGICAL ANTHROPOLOGY: CONCEPTS AND CONNECTIONS,FUENTES,HSS,2018,3,9781260288780,McGraw Hill,7,,23976,,electronic
,EBOOK BUSINESS STATISTICS AND ANALYTICS IN PRACTICE,BOWERMAN,HSS,2018,9,9781260289626,McGraw Hill,7,,23976,,electronic
,EBOOK CAREER ACHIEVEMENT: GROWING YOUR GOALS,BLACKETT,HSS,2018,3,9781260290318,McGraw Hill,7,,23976,,electronic
,EBOOK CHILD,MARTORELL,HSS,2019,2,9781260569506,McGraw Hill,7,,23976,,electronic
,EBOOK CHILDREN,SANTROCK,HSS,2018,14,9781260290134,McGraw Hill,7,,23976,,electronic
,EBOOK CHILDREN MOVING: A REFLECTIVE APPROACH TO TEACHING PE,GRAHAM,HSS,2019,10,9781260569162,McGraw Hill,7,,23976,,electronic
,EBOOK CHOOSING SUCCESS,ATKINSON,HSS,2018,3,9781260289909,McGraw Hill,7,,23976,,electronic
,EBOOK COLLEGE WRITING SKILLS WITH READINGS,LANGAN,HSS,2018,10,9781260289114,McGraw Hill,7,,23976,,electronic
,EBOOK COMMON PLACES: INTEGRATED READING AND WRITING,HOEFFNER,HSS,2018,2,9781260289268,McGraw Hill,7,,23976,,electronic
,EBOOK COMPREHENSIVE SCHOOL HEALTH EDUCATION,MEEKS,HSS,2019,9,9781260569582,McGraw Hill,7,,23976,,electronic
,EBOOK CULTURAL ANTHROPOLOGY,KOTTAK,HSS,2018,18,9781260290370,McGraw Hill,7,,23976,,electronic
,EBOOK EFFECTIVE GROUP DISCUSSION: THEORY & PRACTICE,GALANES,HSS,2018,15,9781260288865,McGraw Hill,7,,23976,,electronic
,EBOOK ESSENTIALS OF ATHLETIC INJURY MANAGEMENT,PRENTICE,HSS,2019,11,9781260569087,McGraw Hill,7,,23976,,electronic
,EBOOK ETHICS FOR LIFE,BOSS,HSS,2018,7,9781260290776,McGraw Hill,7,,23976,,electronic
,EBOOK EXPERIENCE MUSIC,CHARLTON,HSS,2018,5,9781260290356,McGraw Hill,7,,23976,,electronic
,EBOOK EXPERIENCING INTERCULTURAL COMMUNICATION,MARTIN,HSS,2017,6,9781260547221,McGraw Hill,7,,23976,,electronic
,EBOOK FARM MANAGEMENT,KAY,HSS,2019,9,9781260569438,McGraw Hill,7,,23976,,electronic
,EBOOK FILM HISTORY,THOMPSON,HSS,2018,4,9781260288735,McGraw Hill,7,,23976,,electronic
,EBOOK FOUNDATIONS OF EARLY CHILDHOOD EDUCATION,GONZALEZ-MENA,HSS,2019,7,9781260569803,McGraw Hill,7,,23976,,electronic
,EBOOK HEALTH EDUCATION: ELEMENTARY AND MIDDLE SCH APP,TELLJOHANN,HSS,2019,9,9781260569223,McGraw Hill,7,,23976,,electronic
,EBOOK HISTORY AND PHILOSOPHY OF SPORT AND PE,MECHIKOFF,HSS,2019,7,9781260569230,McGraw Hill,7,,23976,,electronic
,EBOOK HOW TO THINK ABOUT WEIRD THINGS,SCHICK,HSS,2019,8,9781260569025,McGraw Hill,7,,23976,,electronic
,EBOOK HUMAN GEOGRAPHY,BJELLAND,HSS,2019,13,9781260569605,McGraw Hill,7,,23976,,electronic
,EBOOK HUMANITIES THROUGH THE ARTS,MARTIN,HSS,2018,10,9781260289404,McGraw Hill,7,,23976,,electronic
,EBOOK IMAGES OF THE PAST,PRICE,HSS,2019,8,9781260569179,McGraw Hill,7,,23976,,electronic
,EBOOK INTEGRATED PRINCIPLES OF ZOOLOGY,"HICKMAN, JR.",HSS,2019,18,9781260569452,McGraw Hill,7,,23976,,electronic
,EBOOK INTRO TO GEOGRAPHIC INFORMATION SYSTEMS,CHANG,HSS,2018,9,9781260289084,McGraw Hill,7,,23976,,electronic
,EBOOK JAZZ,TANNER,HSS,2018,13,9781260288834,McGraw Hill,7,,23976,,electronic
,EBOOK LAUNCHING THE IMAGINATION,STEWART,HSS,2018,6,9781260290325,McGraw Hill,7,,23976,,electronic
,EBOOK LAW & ETHICS FOR HEALTH PROFESSIONS,JUDSON,HSS,2018,8,9781260290561,McGraw Hill,7,,23976,,electronic
,EBOOK LIFE-SPAN DEVELOPMENT,SANTROCK,HSS,2018,17,9781260289848,McGraw Hill,7,,23976,,electronic
,EBOOK LIVING WITH ART,GETLEIN,HSS,2019,12,9781260569872,McGraw Hill,7,,23976,,electronic
,EBOOK LOOKING AT PHILOSOPHY,PALMER,HSS,2019,7,9781260568998,McGraw Hill,7,,23976,,electronic
,EBOOK MARRIAGE AND FAMILY: THE QUEST FOR INTIMACY,LAUER,HSS,2018,9,9781260289459,McGraw Hill,7,,23976,,electronic
,EBOOK MARRIAGES AND FAMILIES: INTIMACY DIVERSITY AND STRENGT,OLSON,HSS,2018,9,9781260290783,McGraw Hill,7,,23976,,electronic
,EBOOK MAS,PEREZ GIRONES,HSS,2018,3,9781260288766,McGraw Hill,7,,23976,,electronic
,EBOOK MEASUREMENT BY THE PHYSICAL EDUCATOR: WHY AND HOW,MILLER,HSS,2019,8,9781260569322,McGraw Hill,7,,23976,,electronic
,EBOOK METHODS IN BEHAVIORAL RESEARCH,COZBY,HSS,2019,14,9781260569209,McGraw Hill,7,,23976,,electronic
,"EBOOK MUSIC:AN APPRECIATION, BRIEF ED",KAMIEN,HSS,2017,9,9781260546903,McGraw Hill,7,,23976,,electronic
,"EBOOK NUTRITION FOR HEALTH, FITNESS AND SPORT",WILLIAMS,HSS,2019,12,9781260569612,McGraw Hill,7,,23976,,electronic
,EBOOK OLA FOR COMMUNICATING IN GROUPS: APP & SKILLS,ADAMS,HSS,2017,10,9781260547382,McGraw Hill,7,,23976,,electronic
,EBOOK OLA FOR INTRODUCTION TO GEOGRAPHY,GETIS,HSS,2017,15,9781260546828,McGraw Hill,7,,23976,,electronic
,EBOOK OLA FOR THE GOOD EARTH,MCCONNELL,HSS,2017,4,9781260538083,McGraw Hill,7,,23976,,electronic
,EBOOK P.O.W.E.R. LEARNING & YOUR LIFE: ESST OF STUDENT SUCCE,FELDMAN,HSS,2019,4,9781260569131,McGraw Hill,7,,23976,,electronic
,EBOOK P.O.W.E.R. LEARNING: FOUNDATIONS OF STUDENT SUCCESS,FELDMAN,HSS,2019,3,9781260569148,McGraw Hill,7,,23976,,electronic
,EBOOK P.O.W.E.R. LEARNING:STRATEGIES FOR SUCCESS IN COLL & L,FELDMAN,HSS,2019,8,9781260569100,McGraw Hill,7,,23976,,electronic
,EBOOK PHILOSOPHY: A HISTORICAL SURVEY W/ ESST READINGS,STUMPF,HSS,2019,10,9781260568974,McGraw Hill,7,,23976,,electronic
,EBOOK PHILOSOPHY: THE POWER OF IDEAS,MOORE,HSS,2018,10,9781260288964,McGraw Hill,7,,23976,,electronic
,EBOOK PHYSICAL ANTHROPOLOGY,STEIN,HSS,2019,12,9781260569063,McGraw Hill,7,,23976,,electronic
,EBOOK PRINCIPLES OF ENVIRONMENTAL SCIENCE,CUNNINGHAM,HSS,2019,9,9781260568660,McGraw Hill,7,,23976,,electronic
,EBOOK PSYCHOLOGY OF SUCCESS,WAITLEY,HSS,2019,7,9781260569773,McGraw Hill,7,,23976,,electronic
,EBOOK READ REASON WRITE,SEYLER,HSS,2018,12,9781260289367,McGraw Hill,7,,23976,,electronic
,EBOOK SCHOOL LEADERSHIP & ADMINISTRATION: IMPORTANT CONCEPTS,GORTON,HSS,2018,10,9781260288889,McGraw Hill,7,,23976,,electronic
,EBOOK SOC 2020,WITT,HSS,2019,6,9781260569339,McGraw Hill,7,,23976,,electronic
,EBOOK SOCIAL PROBLEMS AND THE QUALITY OF LIFE,LAUER,HSS,2018,14,9781260289411,McGraw Hill,7,,23976,,electronic
,EBOOK SOCIOLOGY IN MODULES,SCHAEFER,HSS,2019,5,9781260569353,McGraw Hill,7,,23976,,electronic
,EBOOK SOCIOLOGY MATTERS,SCHAEFER,HSS,2018,7,9781260288773,McGraw Hill,7,,23976,,electronic
,EBOOK T/A MASS MEDIA LAW,CALVERT,HSS,2019,21,9781260579185,McGraw Hill,7,,23976,,electronic
,EBOOK TEACHING PHYSICAL EDUCATION FOR LEARNING,RINK,HSS,2019,8,9781260569155,McGraw Hill,7,,23976,,electronic
,EBOOK THE ART OF PUBLIC SPEAKING,LUCAS,HSS,2019,13,9781260569483,McGraw Hill,7,,23976,,electronic
,EBOOK THE ELEMENTS OF MORAL PHILOSOPHY,RACHELS,HSS,2018,9,9781260289664,McGraw Hill,7,,23976,,electronic
,EBOOK THE LAST DANCE ENCOUNTERING DEATH AND DYING,DESPELDER,HSS,2019,11,9781260569575,McGraw Hill,7,,23976,,electronic
,EBOOK THE NEW TESTAMENT,HARRIS,HSS,2019,9,9781260569001,McGraw Hill,7,,23976,,electronic
,EBOOK THE PHILOSOPHICAL JOURNEY: AN INTERACTIVE APPROACH,LAWHEAD,HSS,2018,7,9781260290769,McGraw Hill,7,,23976,,electronic
,EBOOK THE POWER OF LOGIC,HOWARD-SNYDER,HSS,2018,6,9781260288902,McGraw Hill,7,,23976,,electronic
,EBOOK THEATRE: THE LIVELY ART,WILSON,HSS,2018,21,9781260289398,McGraw Hill,7,,23976,,electronic
,EBOOK THINKING CRITICALLY ABOUT ETHICAL ISSUES,RUGGIERO,HSS,2019,10,9781260568967,McGraw Hill,7,,23976,,electronic
,EBOOK TU MUNDO,ANDRADE,HSS,2018,2,9781260288759,McGraw Hill,7,,23976,,electronic
,EBOOK UNDERSTANDING HUMAN SEXUALITY,HYDE,HSS,2019,14,9781260569186,McGraw Hill,7,,23976,,electronic
,EBOOK UNDERSTANDING PSYCHOLOGY,FELDMAN,HSS,2018,14,9781260289862,McGraw Hill,7,,23976,,electronic
,EBOOK UNFINISHED NATION: CONCISE HISTORY OF AMERICAN PPL V2,BRINKLEY,HSS,2018,9,9781260290639,McGraw Hill,7,,23976,,electronic
,EBOOK VIS-A-VIS: BEGINNING FRENCH (STUDENT EDITION),AMON,HSS,2018,7,9781260289824,McGraw Hill,7,,23976,,electronic
,EBOOK WE THE PEOPLE,PATTERSON,HSS,2018,13,9781260289732,McGraw Hill,7,,23976,,electronic
,EBOOK WOMEN ACROSS CULTURES,BURN,HSS,2018,4,9781260288841,McGraw Hill,7,,23976,,electronic
,EBOOK WORLD MUSIC: TRADITIONS AND TRANSFORMATIONS,BAKAN,HSS,2018,3,9781260288827,McGraw Hill,7,,23976,,electronic
,"EBOOK PRIVILEDGE, POWER AND DIFFERENCE",JOHNSON,HSS,2017,3,9781260538250,McGraw Hill,7,,23976,,electronic
,EBOOK INTRODUCING COMMUNICATION THEORY INTRODUCING COMMUNI,WEST,HSS,2017,6,9781260547511,McGraw Hill,7,,23976,,electronic
,AIRLINE CABIN CREW EB,VICTOR DE,HSS,2011,1,9781259081446,McGraw Hill,7,,9900,,electronic
,SALES & MKTG:TB HOSPITALITY EB,ANDREWS,HSS,2009,1,9781259081835,McGraw Hill,7,,7380,,electronic
,HUMAN RESOURCE MGMT:TB HOSP EB,ANDREWS,HSS,2008,1,9781259081958,McGraw Hill,7,,8910,,electronic
,TEXT BK OF HOTEL HOUSEKPNG EB,ANDREWS,HSS,2007,1,9781259082948,McGraw Hill,7,,14310,,electronic
,TB OF FOOD & BEVRGE MGMT EB,ANDREWS,HSS,2007,1,9781259082955,McGraw Hill,7,,14310,,electronic
,TB OF FRONT OFF MGMT & OP EB,ANDREWS,HSS,2007,1,9781259082962,McGraw Hill,7,,14670,,electronic
,MKTG HOSPIT TOURISM SERV. EB,KUMAR,HSS,2010,1,9781259083389,McGraw Hill,7,,17100,,electronic
,FOOD HYGIENE & SANITATION EB,RODAY,HSS,2011,2,9781259083761,McGraw Hill,7,,12510,,electronic
,ENGLISH LANGUAGE SKILLS EB,KONERU,HSS,2010,1,9781259083945,McGraw Hill,7,,7110,,electronic
,INDUSTRIAL PSYCHOLOGY EB,SINGH,HSS,2010,1,9781259084232,McGraw Hill,7,,17550,,electronic
,GENERAL PSYCHOLOGY EB,ABRAHAM,HSS,2011,1,9781259084829,McGraw Hill,7,,17910,,electronic
,PROF HOTEL FRONT OFF MGMT EB,BHAKTA,HSS,2011,1,9781259084836,McGraw Hill,7,,7650,,electronic
,SOFT SKILLS & PROF COMMUN EB,FRANCIS,HSS,2011,1,9781259084898,McGraw Hill,7,,8640,,electronic
,INDUSTRIAL SOCIOLOGY EB,SINGH,HSS,2011,1,9781259084904,McGraw Hill,7,,11070,,electronic
,MANAGING SOFT SKILL PER DEV EB,GHOSH,HSS,2011,1,9781259084911,McGraw Hill,7,,10710,,electronic
,ENGLISH LANGUAGE TEACHING EB,ARORA,HSS,2011,1,9781259084928,McGraw Hill,7,,8910,,electronic
,ENG LANG TEACHING IN INDIA EB,DHANAVEL,HSS,2011,1,9781259050527,McGraw Hill,7,,8910,,electronic
,HOTEL HOUSEKEEPING EB,SINGH,HSS,2011,1,9781259050534,McGraw Hill,7,,11250,,electronic
,FINANCIAL ACCNTG FOR HOTELS EB,KUMAR,HSS,2012,1,9781259051128,McGraw Hill,7,,11970,,electronic
,COST AND FIN MGMT 4 HOTELS EB,KUMAR,HSS,2012,1,9781259051135,McGraw Hill,7,,13500,,electronic
,FOOD AND BEV. TRAINING MANUAL EB,ANDREWS,HSS,2019,3,9789387572027,McGraw Hill,7,,10710,,electronic
,Hotel Front Office EB,Andrews,HSS,2013,3,9789339203504,McGraw Hill,7,,10710,,electronic
,HOTEL HOUSEKEEPING: A TRAINING MANUAL EB,ANDREWS,HSS,2013,3,9789387572041,McGraw Hill,7,,10350,,electronic
,STATISTICS FOR PSYCHOLOGY EB,VERMA,HSS,2012,1,9781259051197,McGraw Hill,7,,14310,,electronic
,Counselling and Guidance EB,"Rao, Sahajpal",HSS,2012,3,9781259051210,McGraw Hill,7,,11700,,electronic
,A PRACT COURSE IN ENG PRONU EB,SUZANA,HSS,2012,1,9781259051227,McGraw Hill,7,,10350,,electronic
,Educational Psychology EB,"RAMALINGAM, PANCH",HSS,2013,1,9781259098130,McGraw Hill,7,,13500,,electronic
,MANUFACTURING TECH VOL 2 EB,"RAO, P. N.",HSS,2013,3,9789352601639,McGraw Hill,7,,8460,,electronic
,ENGLISH FOR ACAD & PROF SKILLS EB,MAHANAND,HSS,2012,1,9789353169565,McGraw Hill,7,,8460,,electronic
,CREATIVE GRAMMAR EB,RAMASWAMY,HSS,2012,1,9781259051487,McGraw Hill,7,,7110,,electronic
,A WORKBOOK ON ENG GRAM & COMP EB,SUDHA RANI,HSS,2012,1,9789353169541,McGraw Hill,7,,7830,,electronic
,INTRO TO EDU TECH AND ICT-EB,RAMZAN,HSS,2013,1,9781259098093,McGraw Hill,7,,13500,,electronic
,SOCIAL RESAERCH METHODS EB,"JHA, AVDHESH",HSS,2014,1,9781259098147,McGraw Hill,7,,13050,,electronic
,PLCMNT INTERVW SKLS 4 SUCC EB,ANANDAMURUGAN,HSS,2013,1,9781259083952,McGraw Hill,7,,10350,,electronic
,CAMPUS PLACEMENTS EB,MALHOTRA,HSS,2016,1,9789385965111,McGraw Hill,7,,15300,,electronic
,JOB READINESS FOR IT & ITES EB,ANAND,HSS,2016,1,9789385965586,McGraw Hill,7,,9900,,electronic
,Optics EB,Ghatak,Physics,2020,7,9789390113606,McGraw Hill,7,,15300,,electronic
,FOURIER SERIES AND BOUNDARY VALUE EXP,BROWN,Mathematics,2013,8,9789351347385,McGraw Hill,7,,23976,,electronic
,ELEMENTARY NUMBER THEORY EXP,BURTON,Mathematics,2013,7,9789351347712,McGraw Hill,7,,23976,,electronic
,HISTORY OF MATHEMATICS EXP,BURTON,Mathematics,2013,7,9789351347644,McGraw Hill,7,,23976,,electronic
,TRIGONOMETRY EXP,COBURN,Mathematics,2013,2,9789351349136,McGraw Hill,7,,23976,,electronic
,CALCULUS EXP,SMITH,Mathematics,2013,4,9789351348511,McGraw Hill,7,,23976,,electronic
,CALCULUS EXP,SMITH,Mathematics,2013,4,9789351348504,McGraw Hill,7,,23976,,electronic
,EBOOK ELEMENTARY STATISTICS: A BRIEF VERSION,BLUMAN,Mathematics,2018,2,9781260290295,McGraw Hill,7,,23976,,electronic
,EBOOK BEGINNING INTERMEDIATE ALGEBRA P.O.W.E.R. LEARNING 5E,MESSERSMITH,Mathematics,2020,5,9781260579765,McGraw Hill,7,,23976,,electronic
,EBOOK OLA FOR ELEMENTARY STATISTICS: A STEP BY STEP APPROACH,BLUMAN,Mathematics,2017,10,9781260547351,McGraw Hill,7,,23976,,electronic
,EBOOK COLLEGE ALGEBRA WITH COREQUISITE SUPPORT 1E,MILLER,Mathematics,2020,1,9781260590630,McGraw Hill,7,,23976,,electronic
,EBOOK OLA FOR ESSENTIAL STATISTICS,NAVIDI,Mathematics,2017,2,9781260546569,McGraw Hill,7,,23976,,electronic
,EBOOK ELEMENTARY STATISTICS,NAVIDI,Mathematics,2018,3,9781260290301,McGraw Hill,7,,23976,,electronic
,EBOOK MATH IN OUR WORLD,SOBECKI,Mathematics,2018,4,9781260290394,McGraw Hill,7,,23976,,electronic
,EBOOK OLA FOR PREALGEBRA AND INTRODUCTORY ALGEBRA,MILLER,Mathematics,2019,2,9781260579147,McGraw Hill,7,,23976,,electronic
,STATISTICAL METHODS VOL I EB,DAS,Mathematics,2008,1,9781259082078,McGraw Hill,7,,9900,,electronic
,STATISTICAL METHODS VOL II EB,DAS,Mathematics,2008,1,9781259082085,McGraw Hill,7,,10710,,electronic
,ORD & PART DIFFRE EQUA EB,SUNDARAPANDIAN,Mathematics,2012,1,9781259050961,McGraw Hill,7,,16110,,electronic
,Numerical Methods EB,"Dey, Sukhendu",Mathematics,2013,1,9789339204525,McGraw Hill,7,,12510,,electronic
,Differential Calculus EB,SAXENA,Mathematics,2009,1,9789383286881,McGraw Hill,7,,11250,,electronic
,ORDINARY DIFFERENTIAL EQS EB,DEO,Mathematics,2015,3,9789339219314,McGraw Hill,7,,12510,,electronic
,FUND. OF MATHEMATICAL PHYSICS (CU) EB,NAG,Mathematics,2017,1,9789387432994,McGraw Hill,7,,7110,,electronic
,Complex Variables & Partial Differential Equations GTU EB,SINGH,Mathematics,2020,2,9789390219902,McGraw Hill,7,,7920,,electronic
,Probability and Statistics (GTU-2020) EB,SINGH,Mathematics,2020,2,9789390219926,McGraw Hill,7,,7920,,electronic
,STATISTICAL METHODS - COMB. EB,DAS,Mathematics,2008,1,9781259081071,McGraw Hill,7,,13050,,electronic
,Business Statistics EB,"VOHRA, N. D.",Mathematics,2021,2,9789390727070,McGraw Hill,7,,13050,,electronic
,EBOOK LETS CODE IT ICD-10-CM/PCS,SAFIAN,General Interest Books,2018,13,9781260290516,McGraw Hill,7,,23976,,electronic
,EBOOK LET'S CODE IT! PROCEDURE,SAFIAN,General Interest Books,2018,9,9781260290509,McGraw Hill,7,,23976,,electronic
,EBOOK LETS CODE IT ICD-10-CM/PCS 2019-2020 CODE ED 2E,SAFIAN,General Interest Books,2020,2,9781260589856,McGraw Hill,7,,23976,,electronic
,EBOOK LETS CODE IT PROCD 2019-2020 CODE ED 2E,SAFIAN,General Interest Books,2020,2,9781260589832,McGraw Hill,7,,23976,,electronic
,EBOOK ENGAGING QUESTIONS 3E,CHANNELL,General Interest Books,2020,3,9781260590395,McGraw Hill,7,,23976,,electronic
,EBOOK LETS CODE IT 2019-2020 CODE EDITION 2E,SAFIAN,General Interest Books,2020,2019-2020 code,9781260589719,McGraw Hill,7,,23976,,electronic
,EBOOK LETS CODE IT ICD-10-CM 2019-2020 CODE ED 2E,SAFIAN,General Interest Books,2020,2019-2020 code,9781260589849,McGraw Hill,7,,23976,,electronic
,EBOOK ENGINEERING COMPUTATION:AN INTRO USING MATLAB & EXCEL,MUSTO,General Interest Books,2020,2,9781260579802,McGraw Hill,7,,23976,,electronic
,EBOOK CHOOSING SUCCESS,ATKINSON,General Interest Books,2018,3,9781260289909,McGraw Hill,7,,23976,,electronic
,EBOOK FAST & EASY ECGS: SELF-PACED LEARNING PROGRAM,SHADE,General Interest Books,2018,3,9781260290530,McGraw Hill,7,,23976,,electronic
,EBOOK HOW TO THINK ABOUT WEIRD THINGS,SCHICK,General Interest Books,2019,8,9781260569025,McGraw Hill,7,,23976,,electronic
,EBOOK IMAGES OF THE PAST,PRICE,General Interest Books,2019,8,9781260569179,McGraw Hill,7,,23976,,electronic
,EBOOK LAUNCHING THE IMAGINATION,STEWART,General Interest Books,2018,6,9781260290325,McGraw Hill,7,,23976,,electronic
,EBOOK MAS,PEREZ GIRONES,General Interest Books,2018,3,9781260288766,McGraw Hill,7,,23976,,electronic
,EBOOK OLA FOR THE GOOD EARTH,MCCONNELL,General Interest Books,2017,4,9781260538083,McGraw Hill,7,,23976,,electronic
,EBOOK SCHOOL LEADERSHIP & ADMINISTRATION: IMPORTANT CONCEPTS,GORTON,General Interest Books,2018,10,9781260288889,McGraw Hill,7,,23976,,electronic
,EBOOK SOC 2020,WITT,General Interest Books,2019,6,9781260569339,McGraw Hill,7,,23976,,electronic
,"EBOOK PRIVILEDGE, POWER AND DIFFERENCE",JOHNSON,General Interest Books,2017,3,9781260538250,McGraw Hill,7,,23976,,electronic
,RESIDENTIAL COMM & IND ELE SYS-I  EXP,JOSHI,General Interest Books,2007,1,9780071323048,McGraw Hill,7,,21510,,electronic
,RESIDENTIAL COMM AND IND ELE SYS-II  EXP,JOSHI,General Interest Books,2008,1,9780071323055,McGraw Hill,7,,18000,,electronic
,Emerging Technologies in Engg Conference Proceedi,MAHESH PK,General Interest Books,2016,1,9789352604357,McGraw Hill,7,,20160,,electronic
,VCMT 2016 Conference Proceedings EB,KELKAR,General Interest Books,2016,1,9789352604326,McGraw Hill,7,,13500,,electronic
,iPGDCon 2016 EB,UKE,General Interest Books,2016,1,9789352604333,McGraw Hill,7,,19800,,electronic
,"TIMELESS VENTURES:32CO.,8 PRNP  EXP",FUNBASHI,General Interest Books,2008,1,9780071323345,McGraw Hill,7,,9900,,electronic
,RIDE THE CHANGE  EXP,PARAMESWARAN,General Interest Books,2009,1,9780071323406,McGraw Hill,7,,7830,,electronic
,A NEW BEGINNING  EXP,KUMAR,General Interest Books,2008,1,9780071323482,McGraw Hill,7,,17910,,electronic
,OUTSOURCING LABORATORY  EXP,KUMAR,General Interest Books,2005,1,9780071323666,McGraw Hill,7,,8550,,electronic
,WHEN THE GOING GETS TOUGH  EXP,PATEL,General Interest Books,2006,1,9781259000027,McGraw Hill,7,,6300,,electronic
,UNLEASHING THE KNOWLEDGE FORCE  EXP,NATARAJAN,General Interest Books,2007,1,9781259000034,McGraw Hill,7,,9990,,electronic
,THE MISSIONARY  EXP,PANDIT,General Interest Books,2007,1,9781259000126,McGraw Hill,7,,2700,,electronic
,NATIONAL SECURITY  EXP,PALERI,General Interest Books,2007,1,9781259000133,McGraw Hill,7,,16650,,electronic
,WINNING IN THE GLOBAL ECONOMY  EXP,SEKSARIA & DUBEY,General Interest Books,2010,1,9781259000201,McGraw Hill,7,,14058,,electronic
,e-GOV 2.0 - EXP,BHATTACHARYA JAIJIT,General Interest Books,2011,1,9789351340577,McGraw Hill,7,,13266,,electronic
,ECO-QUIRKS  EXP,SABNAVIS,General Interest Books,2010,1,9781259000355,McGraw Hill,7,,7110,,electronic
,ECO-YATRA EXP,DASGUPTA,General Interest Books,2010,1,9781259000331,McGraw Hill,7,,6210,,electronic
,THE SAAS EDGE   EXP,"PARIKH, SAHIL",General Interest Books,2014,1,9781259000324,McGraw Hill,7,,8550,,electronic
,SECURTISATION  EXP,CHOWDHURY,General Interest Books,2010,1,9789339212339,McGraw Hill,7,,11610,,electronic
,MEMOIRS OF AN INDIAN DIPLOMAT  EXP,DAS,General Interest Books,2010,1,9781259000287,McGraw Hill,7,,10710,,electronic
,AROUND THE WORLD IN 40 YEARS  EXP,"SEHGAL,RAM",General Interest Books,2010,1,9781259000294,McGraw Hill,7,,4050,,electronic
,MEMOIRS OF A PARLIMENTARIAN  EXP,THAKUR,General Interest Books,2011,1,9789339212773,McGraw Hill,7,,10296,,electronic
,MAKING A DIFFERENCE  EXP,NTPC,General Interest Books,2012,1,9789339212582,McGraw Hill,7,,12384,,electronic
,FRESH FINGERPRINTS  EXP, KUMAR,General Interest Books,2012,1,9789339212476,McGraw Hill,7,,27900,,electronic
,SOME METHOD SOME MADNESS  EXP,MITHAL,General Interest Books,2012,1,9789339212520,McGraw Hill,7,,12150,,electronic
,WHY MONK BOUGHT THE FERRARI   EXP,GUPTA,General Interest Books,2012,1,9789339212384,McGraw Hill,7,,5346,,electronic
,GRAB THE WALLET  EXP,SHARMA,General Interest Books,2012,1,9789339212704,McGraw Hill,7,,11484,,electronic
,IF YOU CAN DREAM-EB,KRISHNAMURTHY,General Interest Books,2013,1,9781259058714,McGraw Hill,7,,7722,,electronic
,VALUE MAGICS-EB,VERHULST,General Interest Books,2013,1,9781259058516,McGraw Hill,7,,11520,,electronic
,SMARTPHONE FRONTIERS-EB,JAYACHANDRA,General Interest Books,2014,1,9789351340232,McGraw Hill,7,,11484,,electronic
,WORLD CLASS MAINTENACE MANAGEMENT,SHIVANANDA,General Interest Books,2015,1,9781259058776,McGraw Hill,7,,27180,,electronic
,Multiresolution & Multirate SP EB,"GARDE, VIKRAM",General Interest Books,2016,1,9789352601455,McGraw Hill,7,,17982,,electronic
,QUICK TEST PROFESSIONAL-EB,SANKAR,General Interest Books,2013,2,9781259058677,McGraw Hill,7,,11340,,electronic
,A PRACTICAL GUIDE TO TEST AUTOMATION USI,GARG,General Interest Books,2012,1,9789339212841,McGraw Hill,7,,9360,,electronic
,SPRING AND HIBERNATE-EB,SANTOSH KUMAR,General Interest Books,2013,2,9781259058806,McGraw Hill,7,,14220,,electronic
,SAP PLANT MAINTENANCE-EB,FEROZ KHAN,General Interest Books,2013,1,9789383286683,McGraw Hill,7,,11682,,electronic
,X FACTOR AT WORKPLACE  EXP,SINHA,General Interest Books,2012,1,9789339212728,McGraw Hill,7,,6750,,electronic
,RTI ACT IN INDIA EXP,SHREYASKAR,General Interest Books,2013,1,9789339203832,McGraw Hill,7,,10350,,electronic
,TRUCKING BUSINESS MANAGEMENT EB,ROY,General Interest Books,2016,1,9789385965128,McGraw Hill,7,,17010,,electronic
,THE EQUATION OF SUCCESS EB,SHARMA,General Interest Books,2016,1,9789385965708,McGraw Hill,7,,5850,,electronic